
INSERT INTO awards (awardno, awardname) VALUES (1, 'Best Merchandiser Award');
INSERT INTO awards (awardno, awardname) VALUES (2, 'Most Cleaning Award');
INSERT INTO awards (awardno, awardname) VALUES (3, 'People Popular Award');

INSERT INTO languages (languageno, languagename) VALUES (1, 'Thai');
INSERT INTO languages (languageno, languagename) VALUES (2, 'English');
INSERT INTO languages (languageno, languagename) VALUES (3, 'Japanese'); 

INSERT INTO geography VALUES (1, 'Northern');
INSERT INTO geography VALUES (2, 'Central');
INSERT INTO geography VALUES (3, 'Northeastern');
INSERT INTO geography VALUES (4, 'Western');
INSERT INTO geography VALUES (5, 'Eastern');
INSERT INTO geography VALUES (6, 'Southern');


INSERT INTO provinces  VALUES (1, 'Bangkok', 2);
INSERT INTO provinces  VALUES (2, 'Samut Prakan', 2);
INSERT INTO provinces  VALUES (3, 'Nonthaburi', 2);
INSERT INTO provinces  VALUES (4, 'Pathum Thani', 2);
INSERT INTO provinces  VALUES (5, 'Phra Nakhon Si Ayutthaya', 2);
INSERT INTO provinces  VALUES (6, 'Ang Thong', 2);
INSERT INTO provinces  VALUES (7, 'Loburi', 2);
INSERT INTO provinces  VALUES (8, 'Sing Buri', 2);
INSERT INTO provinces  VALUES (9, 'Chai Nat', 2);
INSERT INTO provinces  VALUES (10, 'Saraburi', 2);
INSERT INTO provinces  VALUES (11, 'Chon Buri', 5);
INSERT INTO provinces  VALUES (12, 'Rayong', 5);
INSERT INTO provinces  VALUES (13, 'Chanthaburi', 5);
INSERT INTO provinces  VALUES (14, 'Trat', 5);
INSERT INTO provinces  VALUES (15, 'Chachoengsao', 5);
INSERT INTO provinces  VALUES (16, 'Prachin Buri', 5);
INSERT INTO provinces  VALUES (17, 'Nakhon Nayok', 2);
INSERT INTO provinces  VALUES (18, 'Sa Kaeo', 5);
INSERT INTO provinces  VALUES (19, 'Nakhon Ratchasima', 3);
INSERT INTO provinces  VALUES (20, 'Buri Ram', 3);
INSERT INTO provinces  VALUES (21, 'Surin', 3);
INSERT INTO provinces  VALUES (22, 'Si Sa Ket', 3);
INSERT INTO provinces  VALUES (23, 'Ubon Ratchathani', 3);
INSERT INTO provinces  VALUES (24, 'Yasothon', 3);
INSERT INTO provinces  VALUES (25, 'Chaiyaphum', 3);
INSERT INTO provinces  VALUES (26, 'Amnat Charoen', 3);
INSERT INTO provinces  VALUES (27, 'Nong Bua Lam Phu', 3);
INSERT INTO provinces  VALUES (28, 'Khon Kaen', 3);
INSERT INTO provinces  VALUES (29, 'Udon Thani', 3);
INSERT INTO provinces  VALUES (30, 'Loei', 3);
INSERT INTO provinces  VALUES (31, 'Nong Khai', 3);
INSERT INTO provinces  VALUES (32, 'Maha Sarakham', 3);
INSERT INTO provinces  VALUES (33, 'Roi Et', 3);
INSERT INTO provinces  VALUES (34, 'Kalasin', 3);
INSERT INTO provinces  VALUES (35, 'Sakon Nakhon', 3);
INSERT INTO provinces  VALUES (36, 'Nakhon Phanom', 3);
INSERT INTO provinces  VALUES (37, 'Mukdahan', 3);
INSERT INTO provinces  VALUES (38, 'Chiang Mai', 1);
INSERT INTO provinces  VALUES (39, 'Lamphun', 1);
INSERT INTO provinces  VALUES (40, 'Lampang', 1);
INSERT INTO provinces  VALUES (41, 'Uttaradit', 1);
INSERT INTO provinces  VALUES (42, 'Phrae', 1);
INSERT INTO provinces  VALUES (43, 'Nan', 1);
INSERT INTO provinces  VALUES (44, 'Phayao', 1);
INSERT INTO provinces  VALUES (45, 'Chiang Rai', 1);
INSERT INTO provinces  VALUES (46, 'Mae Hong Son', 1);
INSERT INTO provinces  VALUES (47, 'Nakhon Sawan', 2);
INSERT INTO provinces  VALUES (48, 'Uthai Thani', 2);
INSERT INTO provinces  VALUES (49, 'Kamphaeng Phet', 2);
INSERT INTO provinces  VALUES (50, 'Tak', 4);
INSERT INTO provinces  VALUES (51, 'Sukhothai', 2);
INSERT INTO provinces  VALUES (52, 'Phitsanulok', 2);
INSERT INTO provinces  VALUES (53, 'Phichit', 2);
INSERT INTO provinces  VALUES (54, 'Phetchabun', 2);
INSERT INTO provinces  VALUES (55, 'Ratchaburi', 4);
INSERT INTO provinces  VALUES (56, 'Kanchanaburi', 4);
INSERT INTO provinces  VALUES (57, 'Suphan Buri', 2);
INSERT INTO provinces  VALUES (58, 'Nakhon Pathom', 2);
INSERT INTO provinces  VALUES (59, 'Samut Sakhon', 2);
INSERT INTO provinces  VALUES (60, 'Samut Songkhram', 2);
INSERT INTO provinces  VALUES (61, 'Phetchaburi', 4);
INSERT INTO provinces  VALUES (62, 'Prachuap Khiri Khan', 4);
INSERT INTO provinces  VALUES (63, 'Nakhon Si Thammarat', 6);
INSERT INTO provinces  VALUES (64, 'Krabi', 6);
INSERT INTO provinces  VALUES (65, 'Phangnga', 6);
INSERT INTO provinces  VALUES (66,'Phuket', 6);
INSERT INTO provinces  VALUES (67, 'Surat Thani', 6);
INSERT INTO provinces  VALUES (68, 'Ranong', 6);
INSERT INTO provinces  VALUES (69, 'Chumphon', 6);
INSERT INTO provinces  VALUES (70, 'Songkhla', 6);
INSERT INTO provinces  VALUES (71, 'Satun', 6);
INSERT INTO provinces  VALUES (72, 'Trang', 6);
INSERT INTO provinces  VALUES (73, 'Phatthalung', 6);
INSERT INTO provinces  VALUES (74, 'Pattani', 6);
INSERT INTO provinces  VALUES (75, 'Yala', 6);
INSERT INTO provinces  VALUES (76, 'Narathiwat', 6);
INSERT INTO provinces  VALUES (77, 'buogkan', 3);

INSERT INTO customers (customerno, fname, lname, sex, telno, address, dob, provinceno) VALUES (1, 'Torie', 'Allabarton', 'F', '829-314-8054', '859 Sherman Drive', '30-Jun-2010', 1);
INSERT INTO customers (customerno, fname, lname, sex, telno, address, dob, PROVINCENO) VALUES (2, 'Kenyon', 'Minors', 'M', '291-450-2766', '4 Pine View Lane', '08-Mar-1997', 2);
INSERT INTO customers (customerno, fname, lname, sex, telno, address, dob, PROVINCENO) VALUES (3, 'Tawsha', 'Cookman', 'F', '149-660-6652', '0809 Comanche Hill', '28-Feb-1989', 3);
INSERT INTO customers (customerno, fname, lname, sex, telno, address, dob, PROVINCENO) VALUES (4, 'Ginny', 'Rosina', 'F', '538-725-1895', '67603 Southridge Circle', '09-Oct-1992', 3);
INSERT INTO customers (customerno, fname, lname, sex, telno, address, dob, PROVINCENO) VALUES (5, 'Duke', 'Ramplee', 'M', '630-380-4491', '70 Prentice Way', '20-Nov-1989', 3);
INSERT INTO customers (customerno, fname, lname, sex, telno, address, dob, PROVINCENO) VALUES (6, 'Crissie', 'Billingsley', 'F', '383-561-8766', '9234 Village Avenue', '30-May-1983', 3);
INSERT INTO customers (customerno, fname, lname, sex, telno, address, dob, PROVINCENO) VALUES (7, 'Gunar', 'Venediktov', 'M', '783-222-1090', '09 Farragut Trail', '01-Feb-1998', 1);
INSERT INTO customers (customerno, fname, lname, sex, telno, address, dob, PROVINCENO) VALUES (8, 'Almeta', 'Corstorphine', 'F', '967-430-0114', '94246 Express Crossing', '13-Apr-1995', 1);
INSERT INTO customers (customerno, fname, lname, sex, telno, address, dob, PROVINCENO) VALUES (9, 'Wallace', 'Collis', 'M', '798-545-6859', '977 Waubesa Junction', '05-Jan-2000', 1);
INSERT INTO customers (customerno, fname, lname, sex, telno, address, dob, PROVINCENO) VALUES (10, 'Kirby', 'Riveles', 'F', '772-572-5385', '440 Iowa Court', '14-Jul-1992', 1);

INSERT INTO owners (ownerno, fname, lname, telno, email, sex, dob, address, PROVINCENO) VALUES (1, 'Elonore', 'Gedling', '125-993-4548', 'egedling0@netvibes.com', 'F', '29-Jun-1985', '69 Village Green Place', 1);
INSERT INTO owners (ownerno, fname, lname, telno, email, sex, dob, address, PROVINCENO) VALUES (3, 'Cornell', 'Vanes', '346-905-4931', 'cvanes2@si.edu', 'M', '27-May-1956', '333 Del Mar Lane', 3);
INSERT INTO owners (ownerno, fname, lname, telno, email, sex, dob, address, PROVINCENO) VALUES (4, 'Gottfried', 'Cogzell', '792-961-5529', 'gcogzell3@over-blog.com', 'M', '02-Jan-1960', '3 Elgar Terrace', 3);
INSERT INTO owners (ownerno, fname, lname, telno, email, sex, dob, address, PROVINCENO) VALUES (5, 'Miranda', 'Bungey', '349-528-2200', 'mbungey4@yahoo.co.jp', 'F', '10-Aug-1978', '88 Banding Pass', 1);
INSERT INTO owners (ownerno, fname, lname, telno, email, sex, dob, address, PROVINCENO) VALUES (2, 'Yardley', 'Cusick', '332-716-3213', 'ycusick1@nsw.gov.au', 'M', '04-Dec-1981', '2 Waywood Terrace', 3);

INSERT INTO merchanttypes VALUES(1,'Food and Restaurant (Chim)');
INSERT INTO merchanttypes VALUES(2,'Grocery (Shop)');
INSERT INTO merchanttypes VALUES(3,'Service (Chai)');

INSERT INTO producttype (producttypeno, producttypename) VALUES (1, 'Noodles');
INSERT INTO producttype (producttypeno, producttypename) VALUES (2, 'Haircut');
INSERT INTO producttype (producttypeno, producttypename) VALUES (3, 'Soap');
INSERT INTO producttype (producttypeno, producttypename) VALUES (4, 'Hamburger');
INSERT INTO producttype (producttypeno, producttypename) VALUES (5, 'Car Wash');
INSERT INTO producttype (producttypeno, producttypename) VALUES (6, 'Pizza');
INSERT INTO producttype (producttypeno, producttypename) VALUES (7, 'T-Shirt');
INSERT INTO producttype (producttypeno, producttypename) VALUES (8, 'Drinking');
INSERT INTO producttype (producttypeno, producttypename) VALUES (9, 'Furniture');
INSERT INTO producttype (producttypeno, producttypename) VALUES (10, 'Ice-cream');

INSERT INTO merchandiser (merno, mername, registdate, ownerno, merchanttypeno) VALUES (1, 'Pa Lek Noodles', '10-May-1962', 1, 1);
INSERT INTO merchandiser (merno, mername, registdate, ownerno, merchanttypeno) VALUES (2, 'ABC Haircut', '21-Jun-1969', 2, 3);
INSERT INTO merchandiser (merno, mername, registdate, ownerno, merchanttypeno) VALUES (3, 'MAX store', '24-Jul-1963', 3, 2);
INSERT INTO merchandiser (merno, mername, registdate, ownerno, merchanttypeno) VALUES (4, 'Burger KIM', '21-Oct-1999', 4, 1);
INSERT INTO merchandiser (merno, mername, registdate, ownerno, merchanttypeno) VALUES (5, 'McCullough Car Wash', '29-Mar-1979', 5, 3);
INSERT INTO merchandiser (merno, mername, registdate, ownerno, merchanttypeno) VALUES (6, 'White-Pizza', '19-May-1991', 4, 1);
INSERT INTO merchandiser (merno, mername, registdate, ownerno, merchanttypeno) VALUES (7, 'Stamm Cloth', '24-Sep-1989', 4, 2);
INSERT INTO merchandiser (merno, mername, registdate, ownerno, merchanttypeno) VALUES (8, 'Tom Yum Zen', '28-Nov-1998', 3, 1);
INSERT INTO merchandiser (merno, mername, registdate, ownerno, merchanttypeno) VALUES (9, 'Pluem Cutter', '01-Jul-1960', 1, 3);
INSERT INTO merchandiser (merno, mername, registdate, ownerno, merchanttypeno) VALUES (10, 'Pinku Soap', '20-Oct-1976', 1, 2);

INSERT INTO selling (merno, producttypeno) VALUES (1, 1);
INSERT INTO selling (merno, producttypeno) VALUES (1, 8);
INSERT INTO selling (merno, producttypeno) VALUES (2, 2);
INSERT INTO selling (merno, producttypeno) VALUES (3, 3);
INSERT INTO selling (merno, producttypeno) VALUES (3, 7);
INSERT INTO selling (merno, producttypeno) VALUES (3, 9);
INSERT INTO selling (merno, producttypeno) VALUES (4, 4);
INSERT INTO selling (merno, producttypeno) VALUES (4, 10);
INSERT INTO selling (merno, producttypeno) VALUES (5, 5);
INSERT INTO selling (merno, producttypeno) VALUES (6, 6);
INSERT INTO selling (merno, producttypeno) VALUES (7, 7);
INSERT INTO selling (merno, producttypeno) VALUES (8, 1);
INSERT INTO selling (merno, producttypeno) VALUES (8, 8);
INSERT INTO selling (merno, producttypeno) VALUES (8, 10);
INSERT INTO selling (merno, producttypeno) VALUES (9, 2);
INSERT INTO selling (merno, producttypeno) VALUES (10, 3);

INSERT INTO announcement (announcedate, awardno, merno) VALUES ('14-Oct-2006', 1, 2);
INSERT INTO announcement (announcedate, awardno, merno) VALUES ('30-Aug-2001', 2, 4);
INSERT INTO announcement (announcedate, awardno, merno) VALUES ('16-Aug-2006', 1, 3);
INSERT INTO announcement (announcedate, awardno, merno) VALUES ('13-Aug-2001', 2, 9);
INSERT INTO announcement (announcedate, awardno, merno) VALUES ('20-Nov-2006', 1, 1);
INSERT INTO announcement (announcedate, awardno, merno) VALUES ('05-May-2013', 1, 9);
INSERT INTO announcement (announcedate, awardno, merno) VALUES ('02-Jan-2003', 3, 4);
INSERT INTO announcement (announcedate, awardno, merno) VALUES ('07-Oct-2008', 1, 6);
INSERT INTO announcement (announcedate, awardno, merno) VALUES ('30-Oct-2005', 2, 1);
INSERT INTO announcement (announcedate, awardno, merno) VALUES ('12-Nov-2004', 3, 6);

INSERT INTO langsupport (merno, languageno) VALUES (1, 1);
INSERT INTO langsupport (merno, languageno) VALUES (1, 3);
INSERT INTO langsupport (merno, languageno) VALUES (2, 1);
INSERT INTO langsupport (merno, languageno) VALUES (3, 1);
INSERT INTO langsupport (merno, languageno) VALUES (3, 3);
INSERT INTO langsupport (merno, languageno) VALUES (3, 2);
INSERT INTO langsupport (merno, languageno) VALUES (4, 1);
INSERT INTO langsupport (merno, languageno) VALUES (4, 2);
INSERT INTO langsupport (merno, languageno) VALUES (5, 1);
INSERT INTO langsupport (merno, languageno) VALUES (6, 1);
INSERT INTO langsupport (merno, languageno) VALUES (7, 1);
INSERT INTO langsupport (merno, languageno) VALUES (8, 1);
INSERT INTO langsupport (merno, languageno) VALUES (9, 1);
INSERT INTO langsupport (merno, languageno) VALUES (10, 1);

INSERT INTO branches (branchno, address, telno, aircon, merno, provinceno) VALUES (1, '3 Hayes Crossing', '820-753-2960', 1, 2, 2);
INSERT INTO branches (branchno, address, telno, aircon, merno, provinceno) VALUES (2, '3799 Bunker Hill Street', '554-934-6775', 1, 9, 1);
INSERT INTO branches (branchno, address, telno, aircon, merno, provinceno) VALUES (3, '89 Namekagon Trail', '300-424-9591', 0, 8, 1);
INSERT INTO branches (branchno, address, telno, aircon, merno, provinceno) VALUES (4, '6485 Cottonwood Avenue', '495-807-3974', 0, 10, 1);
INSERT INTO branches (branchno, address, telno, aircon, merno, provinceno) VALUES (5, '458 Cody Road', '260-791-1450', 0, 1, 2);
INSERT INTO branches (branchno, address, telno, aircon, merno, provinceno) VALUES (6, '728 Bluejay Street', '276-135-6852', 1, 7, 1);
INSERT INTO branches (branchno, address, telno, aircon, merno, provinceno) VALUES (7, '003 Kim Lane', '760-941-6521', 0, 8, 2);
INSERT INTO branches (branchno, address, telno, aircon, merno, provinceno) VALUES (8, '527 Randy Parkway', '578-823-4753', 0, 6, 2);
INSERT INTO branches (branchno, address, telno, aircon, merno, provinceno) VALUES (9, '52093 Eastwood Parkway', '899-284-1725', 1, 5, 2);
INSERT INTO branches (branchno, address, telno, aircon, merno, provinceno) VALUES (10, '184 Almo Crossing', '574-429-8651', 1, 4, 3);
INSERT INTO branches (branchno, address, telno, aircon, merno, provinceno) VALUES (11, '65062 Warbler Drive', '886-674-4099', 1, 1, 1);
INSERT INTO branches (branchno, address, telno, aircon, merno, provinceno) VALUES (12, '272 Lotheville Way', '740-346-7460', 0, 4, 1);
INSERT INTO branches (branchno, address, telno, aircon, merno, provinceno) VALUES (13, '3 Talisman Circle', '569-947-4985', 1, 3, 1);
INSERT INTO branches (branchno, address, telno, aircon, merno, provinceno) VALUES (14, '64800 Sommers Terrace', '616-299-3535', 0, 10, 3);
INSERT INTO branches (branchno, address, telno, aircon, merno, provinceno) VALUES (15, '78728 Swallow Avenue', '537-362-7589', 1, 5, 3);

INSERT INTO position (positionno, positionname) VALUES (1, 'Common Staff');
INSERT INTO position (positionno, positionname) VALUES (2, 'Cashier');
INSERT INTO position (positionno, positionname) VALUES (3, 'Cleaning staff');
INSERT INTO position (positionno, positionname) VALUES (4, 'Security');
INSERT INTO position (positionno, positionname) VALUES (5, 'Labor');
INSERT INTO position (positionno, positionname) VALUES (6, 'Branch Manager');

INSERT INTO employees (employeeno, fname, lname, sex, telno, email, dob, address, salary, branchno, positionno, provinceno) VALUES (1, 'Emmy', 'Shields', 'M', '235-785-9199', 'eshields0@1und1.de', '30-May-1993', '4102 Melody Plaza', 6000, 15, 3, 3);
INSERT INTO employees (employeeno, fname, lname, sex, telno, email, dob, address, salary, branchno, positionno, provinceno) VALUES (2, 'Nicky', 'Verillo', 'M', '774-502-5641', 'nverillo1@pbs.org', '15-Mar-1989', '25984 Carberry Avenue', 7000, 5, 3, 1);
INSERT INTO employees (employeeno, fname, lname, sex, telno, email, dob, address, salary, branchno, positionno, provinceno) VALUES (3, 'Lira', 'Tolworthie', 'F', '903-583-2000', 'ltolworthie2@arizona.edu', '25-Jul-1997', '243 Saint Paul Crossing', 12000, 1, 4, 3);
INSERT INTO employees (employeeno, fname, lname, sex, telno, email, dob, address, salary, branchno, positionno, provinceno) VALUES (4, 'Hanna', 'Turban', 'F', '362-197-3735', null, '14-Oct-1988', '6609 Miller Drive', 5000, 12, 5, 3);
INSERT INTO employees (employeeno, fname, lname, sex, telno, email, dob, address, salary, branchno, positionno, provinceno) VALUES (5, 'Arri', 'Condy', 'M', '360-443-3411', 'acondy4@weather.com', '08-Aug-1973', '73 Dapin Parkway', 15000, 13, 1, 2);
INSERT INTO employees (employeeno, fname, lname, sex, telno, email, dob, address, salary, branchno, positionno, provinceno) VALUES (6, 'Tim', 'Rasmus', 'M', '939-779-9298', null, '20-Apr-1987', '77338 Union Point', 17000, 6, 4, 3);
INSERT INTO employees (employeeno, fname, lname, sex, telno, email, dob, address, salary, branchno, positionno, provinceno) VALUES (7, 'Christoph', 'Larratt', 'M', '840-592-0725', 'clarratt6@moonfruit.com', '31-Mar-1956', '801 Karstens Park', 9000, 6, 5, 1);
INSERT INTO employees (employeeno, fname, lname, sex, telno, email, dob, address, salary, branchno, positionno, provinceno) VALUES (8, 'Ofelia', 'Delagua', 'F', '813-113-3630', 'odelagua7@eepurl.com', '16-Sep-1998', '6 Graedel Junction', 15000, 2, 2, 1);
INSERT INTO employees (employeeno, fname, lname, sex, telno, email, dob, address, salary, branchno, positionno, provinceno) VALUES (9, 'Salaidh', 'Marcroft', 'F', '948-590-5377', 'smarcroft8@4shared.com', '06-Apr-1998', '86 Tomscot Avenue', 11000, 11, 3, 3);
INSERT INTO employees (employeeno, fname, lname, sex, telno, email, dob, address, salary, branchno, positionno, provinceno) VALUES (10, 'Nevins', 'O''Regan', 'M', NULL, 'noregan9@addthis.com', '12-Dec-1959', '1996 Springs Lane', 10000, 6, 5, 1);
INSERT INTO employees (employeeno, fname, lname, sex, telno, email, dob, address, salary, branchno, positionno, provinceno) VALUES (11, 'Kasper', 'Linforth', 'M', '117-991-4283', 'klinfortha@elpais.com', '29-Dec-1955', '548 Independence Junction', 150300, 5, 6, 1);
INSERT INTO employees (employeeno, fname, lname, sex, telno, email, dob, address, salary, branchno, positionno, provinceno) VALUES (12, 'Lanie', 'Guilliatt', 'M', '567-459-3481', 'lguilliattb@hhs.gov', '14-Feb-1959', '1 Mccormick Point', 15000, 1, 1, 2);
INSERT INTO employees (employeeno, fname, lname, sex, telno, email, dob, address, salary, branchno, positionno, provinceno) VALUES (13, 'Norina', 'Grenkov', 'F', '687-484-2205', 'ngrenkovc@sbwire.com', '21-Oct-1959', '21764 Kensington Circle', 10000, 14, 2, 1);
INSERT INTO employees (employeeno, fname, lname, sex, telno, email, dob, address, salary, branchno, positionno, provinceno) VALUES (14, 'Heda', 'Radsdale', 'F', '523-710-7898', 'hradsdaled@wunderground.com', '13-Mar-1987', '31 Atwood Trail', 9000, 4, 3, 1);
INSERT INTO employees (employeeno, fname, lname, sex, telno, email, dob, address, salary, branchno, positionno, provinceno) VALUES (15, 'Carlen', 'O''Toole', 'F', NULL, 'cotoolee@alexa.com', '21-Dec-1976', '577 Ruskin Trail', 8000, 3, 5, 1);
INSERT INTO employees (employeeno, fname, lname, sex, telno, email, dob, address, salary, branchno, positionno, provinceno) VALUES (16, 'Katerina', 'Wasylkiewicz', 'F', '613-551-7021', 'kwasylkiewiczf@hibu.com', '04-Oct-1970', '6917 Del Mar Lane', 15000, 8, 1, 1);
INSERT INTO employees (employeeno, fname, lname, sex, telno, email, dob, address, salary, branchno, positionno, provinceno) VALUES (17, 'Eddy', 'Dealy', 'M', '677-403-8931', 'edealyg@eepurl.com', '08-Mar-1973', '95 Merrick Circle', 16000, 7, 2, 2);
INSERT INTO employees (employeeno, fname, lname, sex, telno, email, dob, address, salary, branchno, positionno, provinceno) VALUES (18, 'Franni', 'Braxton', 'F', NULL, null, '18-Oct-1960', '26238 Beilfuss Parkway', 13000, 1, 1, 1);
INSERT INTO employees (employeeno, fname, lname, sex, telno, email, dob, address, salary, branchno, positionno, provinceno) VALUES (19, 'Iorgos', 'Shearmur', 'M', '615-597-5973', 'ishearmuri@pen.io', '30-Mar-1976', '1020 Russell Road', 201000, 9, 6, 2);
INSERT INTO employees (employeeno, fname, lname, sex, telno, email, dob, address, salary, branchno, positionno, provinceno) VALUES (20, 'Mattie', 'Baumler', 'M', '358-501-7033', 'mbaumlerj@miibeian.gov.cn', '29-Jun-1971', '0050 Ohio Alley', 7500, 10, 5, 3);

INSERT INTO product (productno, productname, price, producttypeno) VALUES (1, 'Normal Noodles', 40, 1);
INSERT INTO product (productno, productname, price, producttypeno) VALUES (2, 'Special Noodles', 50, 1);
INSERT INTO product (productno, productname, price, producttypeno) VALUES (3, 'Extra Noodles', 60, 1);
INSERT INTO product (productno, productname, price, producttypeno) VALUES (4, 'Kid Haircut', 60, 2);
INSERT INTO product (productno, productname, price, producttypeno) VALUES (5, 'Adult Haircut', 100, 2);
INSERT INTO product (productno, productname, price, producttypeno) VALUES (6, 'Solid Soap', 32.50, 3);
INSERT INTO product (productno, productname, price, producttypeno) VALUES (7, 'Liquid Soap', 70, 3);
INSERT INTO product (productno, productname, price, producttypeno) VALUES (8, 'Small Hamburger', 40, 4);
INSERT INTO product (productno, productname, price, producttypeno) VALUES (9, 'Medium Hamburger', 50, 4);
INSERT INTO product (productno, productname, price, producttypeno) VALUES (10, 'Large Hamburger', 60, 4);
INSERT INTO product (productno, productname, price, producttypeno) VALUES (11, 'Common Car Wash', 200, 5);
INSERT INTO product (productno, productname, price, producttypeno) VALUES (12, 'Full Option Car Wash', 500, 5);
INSERT INTO product (productno, productname, price, producttypeno) VALUES (13, 'Small Pizza', 199, 6);
INSERT INTO product (productno, productname, price, producttypeno) VALUES (14, 'Medium Pizza', 259, 6);
INSERT INTO product (productno, productname, price, producttypeno) VALUES (15, 'Large Pizza', 299, 6);
INSERT INTO product (productno, productname, price, producttypeno) VALUES (16, 'T-Shirt (s size)', 179, 7);
INSERT INTO product (productno, productname, price, producttypeno) VALUES (17, 'T-Shirt (M size)', 199, 7);
INSERT INTO product (productno, productname, price, producttypeno) VALUES (18, 'T-Shirt (L size)', 199, 7);
INSERT INTO product (productno, productname, price, producttypeno) VALUES (19, 'T-Shirt (XL size)', 209, 7);
INSERT INTO product (productno, productname, price, producttypeno) VALUES (20, 'T-Shirt (XXL size)', 209, 7);
INSERT INTO product (productno, productname, price, producttypeno) VALUES (21, 'Sparklig Water', 15, 8);
INSERT INTO product (productno, productname, price, producttypeno) VALUES (22, 'Orange Juice', 20, 8);
INSERT INTO product (productno, productname, price, producttypeno) VALUES (23, 'Chair', 150, 9);
INSERT INTO product (productno, productname, price, producttypeno) VALUES (24, 'Table', 500, 9);
INSERT INTO product (productno, productname, price, producttypeno) VALUES (25, 'Banana Split', 219, 10);
INSERT INTO product (productno, productname, price, producttypeno) VALUES (26, 'Ice-cream Cone', 50, 10);

INSERT INTO orders (orderno, orderdatetime, totalprice, customerno, branchno) VALUES (1, '02-Oct-2015 19:15:11', 200, 1, 3);
INSERT INTO orders (orderno, orderdatetime, totalprice, customerno, branchno) VALUES (2, '08-May-2002 01:50:21', 840, 2, 10);
INSERT INTO orders (orderno, orderdatetime, totalprice, customerno, branchno) VALUES (3, '02-Dec-2005 23:43:06', 2610, 2, 10);
INSERT INTO orders (orderno, orderdatetime, totalprice, customerno, branchno) VALUES (4, '24-May-2019 19:49:28', 3890, 2, 6);
INSERT INTO orders (orderno, orderdatetime, totalprice, customerno, branchno) VALUES (5, '19-Oct-2018 13:33:32', 777.5, 3, 4);
INSERT INTO orders (orderno, orderdatetime, totalprice, customerno, branchno) VALUES (6, '11-Nov-2000 03:11:26', 100, 4, 12);
INSERT INTO orders (orderno, orderdatetime, totalprice, customerno, branchno) VALUES (7, '04-Jun-2007 12:08:41', 340, 4, 2);
INSERT INTO orders (orderno, orderdatetime, totalprice, customerno, branchno) VALUES (8, '12-Mar-2015 23:12:48', 1100, 4, 15);
INSERT INTO orders (orderno, orderdatetime, totalprice, customerno, branchno) VALUES (9, '10-Feb-2007 03:29:29', 996, 6, 8);
INSERT INTO orders (orderno, orderdatetime, totalprice, customerno, branchno) VALUES (10, '17-Oct-2005 06:20:13', 200, 7, 2);
INSERT INTO orders (orderno, orderdatetime, totalprice, customerno, branchno) VALUES (11, '10-Jul-2003 16:46:37', 440, 10, 2);
INSERT INTO orders (orderno, orderdatetime, totalprice, customerno, branchno) VALUES (12, '08-Jan-2013 10:58:21', 718, 10, 8);
INSERT INTO orders (orderno, orderdatetime, totalprice, customerno, branchno) VALUES (13, '29-Jan-2016 21:34:55', 830, 10, 4);

INSERT INTO orderdetails (orderdetailno, quantity, amount, productno, orderno) VALUES (1, 10, 1990, 13, 3);
INSERT INTO orderdetails (orderdetailno, quantity, amount, productno, orderno) VALUES (2, 4, 130, 6, 13);
INSERT INTO orderdetails (orderdetailno, quantity, amount, productno, orderno) VALUES (3, 2, 200, 5, 10);
INSERT INTO orderdetails (orderdetailno, quantity, amount, productno, orderno) VALUES (4, 1, 100, 5, 7);
INSERT INTO orderdetails (orderdetailno, quantity, amount, productno, orderno) VALUES (5, 1, 60, 4, 11);
INSERT INTO orderdetails (orderdetailno, quantity, amount, productno, orderno) VALUES (6, 3, 597, 18, 4);
INSERT INTO orderdetails (orderdetailno, quantity, amount, productno, orderno) VALUES (7, 1, 60, 10, 3);
INSERT INTO orderdetails (orderdetailno, quantity, amount, productno, orderno) VALUES (8, 6, 420, 7, 5);
INSERT INTO orderdetails (orderdetailno, quantity, amount, productno, orderno) VALUES (9, 5, 895, 16, 4);
INSERT INTO orderdetails (orderdetailno, quantity, amount, productno, orderno) VALUES (10, 2, 100, 9, 6);
INSERT INTO orderdetails (orderdetailno, quantity, amount, productno, orderno) VALUES (11, 2, 598, 15, 9);
INSERT INTO orderdetails (orderdetailno, quantity, amount, productno, orderno) VALUES (12, 3, 180, 4, 11);
INSERT INTO orderdetails (orderdetailno, quantity, amount, productno, orderno) VALUES (13, 2, 398, 13, 9);
INSERT INTO orderdetails (orderdetailno, quantity, amount, productno, orderno) VALUES (14, 1, 500, 12, 8);
INSERT INTO orderdetails (orderdetailno, quantity, amount, productno, orderno) VALUES (15, 3, 240, 8, 3);
INSERT INTO orderdetails (orderdetailno, quantity, amount, productno, orderno) VALUES (16, 11, 357.5, 6, 5);
INSERT INTO orderdetails (orderdetailno, quantity, amount, productno, orderno) VALUES (17, 1, 209, 20, 4);
INSERT INTO orderdetails (orderdetailno, quantity, amount, productno, orderno) VALUES (18, 2, 518, 14, 12);
INSERT INTO orderdetails (orderdetailno, quantity, amount, productno, orderno) VALUES (19, 4, 240, 10, 2);
INSERT INTO orderdetails (orderdetailno, quantity, amount, productno, orderno) VALUES (20, 8, 320, 8, 3);
INSERT INTO orderdetails (orderdetailno, quantity, amount, productno, orderno) VALUES (21, 3, 600, 11, 8);
INSERT INTO orderdetails (orderdetailno, quantity, amount, productno, orderno) VALUES (22, 10, 700, 7, 13);
INSERT INTO orderdetails (orderdetailno, quantity, amount, productno, orderno) VALUES (23, 10, 1990, 17, 4);
INSERT INTO orderdetails (orderdetailno, quantity, amount, productno, orderno) VALUES (24, 2, 200, 5, 11);
INSERT INTO orderdetails (orderdetailno, quantity, amount, productno, orderno) VALUES (25, 4, 200, 2, 1);
INSERT INTO orderdetails (orderdetailno, quantity, amount, productno, orderno) VALUES (26, 4, 200, 9, 12);
INSERT INTO orderdetails (orderdetailno, quantity, amount, productno, orderno) VALUES (27, 1, 199, 18, 4);
INSERT INTO orderdetails (orderdetailno, quantity, amount, productno, orderno) VALUES (28, 5, 200, 8, 2);
INSERT INTO orderdetails (orderdetailno, quantity, amount, productno, orderno) VALUES (29, 4, 240, 4, 7);
INSERT INTO orderdetails (orderdetailno, quantity, amount, productno, orderno) VALUES (30, 8, 400, 9, 2);